{
  "threshold_percentil": 95.0,
  "threshold_valor": 0.6700570017099384,
  "roc_auc": 0.9959752000000001,
  "average_precision": 0.9700296762616946,
  "precision_at_threshold": 0.66078697421981,
  "recall_at_threshold": 0.974,
  "f1_at_threshold": 0.7873888439773646,
  "f1_max_no_dataset": 0.918974358974359,
  "matriz_confusao": {
    "true_negatives": 4750,
    "false_positives": 250,
    "false_negatives": 13,
    "true_positives": 487
  },
  "erro_recon_saudaveis": {
    "media": 0.29064443707466125,
    "mediana": 0.24053645133972168,
    "p95": 0.6700570017099384,
    "p99": 1.0859779560565952
  },
  "erro_recon_anomalos": {
    "media": 3.380272150039673,
    "mediana": 2.9750468730926514,
    "p05": 0.8734897017478943
  }
}